ID,Name,Type1,Type2,Hp,Attack,Defense,Speed
1,Bulbasaur,Grass,Poison,45,49,49,45
2,Ivysaur,Grass,Poison,60,62,63,60
3,Venusaur,Grass,Poison,80,82,83,80
4,VenusaurMega Venusaur,Grass,Poison,80,100,123,80
7,Charizard,Fire,Flying,78,84,78,100
8,CharizardMega Charizard X,Fire,Dragon,78,130,111,100
9,CharizardMega Charizard Y,Fire,Flying,78,104,78,100
16,Butterfree,Bug,Flying,60,45,50,70
17,Weedle,Bug,Poison,40,35,30,50
18,Kakuna,Bug,Poison,45,25,50,35
19,Beedrill,Bug,Poison,65,90,40,75
20,BeedrillMega Beedrill,Bug,Poison,65,150,40,145
21,Pidgey,Normal,Flying,40,45,40,56
22,Pidgeotto,Normal,Flying,63,60,55,71
23,Pidgeot,Normal,Flying,83,80,75,101
24,PidgeotMega Pidgeot,Normal,Flying,83,80,80,121
27,Spearow,Normal,Flying,40,60,30,70
28,Fearow,Normal,Flying,65,90,65,100
37,Nidoqueen,Poison,Ground,90,92,87,76
40,Nidoking,Poison,Ground,81,102,77,85
45,Jigglypuff,Normal,Fairy,115,45,20,20
46,Wigglytuff,Normal,Fairy,140,70,45,45
47,Zubat,Poison,Flying,40,45,35,55
48,Golbat,Poison,Flying,75,80,70,90
49,Oddish,Grass,Poison,45,50,55,30
50,Gloom,Grass,Poison,60,65,70,40
51,Vileplume,Grass,Poison,75,80,85,50
52,Paras,Bug,Grass,35,70,55,25
53,Parasect,Bug,Grass,60,95,80,30
54,Venonat,Bug,Poison,60,55,50,45
55,Venomoth,Bug,Poison,70,65,60,90
68,Poliwrath,Water,Fighting,90,95,95,70
76,Bellsprout,Grass,Poison,50,75,35,40
77,Weepinbell,Grass,Poison,65,90,50,55
78,Victreebel,Grass,Poison,80,105,65,70
79,Tentacool,Water,Poison,40,40,35,70
80,Tentacruel,Water,Poison,80,70,65,100
81,Geodude,Rock,Ground,40,80,100,20
82,Graveler,Rock,Ground,55,95,115,35
83,Golem,Rock,Ground,80,120,130,45
86,Slowpoke,Water,Psychic,90,65,65,15
87,Slowbro,Water,Psychic,95,75,110,30
88,SlowbroMega Slowbro,Water,Psychic,95,75,180,30
89,Magnemite,Electric,Steel,25,35,70,45
90,Magneton,Electric,Steel,50,60,95,70
91,Farfetch'd,Normal,Flying,52,65,55,60
92,Doduo,Normal,Flying,35,85,45,75
93,Dodrio,Normal,Flying,60,110,70,100
95,Dewgong,Water,Ice,90,70,80,70
99,Cloyster,Water,Ice,50,95,180,70
100,Gastly,Ghost,Poison,30,35,30,80
101,Haunter,Ghost,Poison,45,50,45,95
102,Gengar,Ghost,Poison,60,65,60,110
103,GengarMega Gengar,Ghost,Poison,60,65,80,130
104,Onix,Rock,Ground,35,45,160,70
111,Exeggcute,Grass,Psychic,60,40,80,40
112,Exeggutor,Grass,Psychic,95,95,85,55
120,Rhyhorn,Ground,Rock,80,85,95,25
121,Rhydon,Ground,Rock,105,130,120,40
131,Starmie,Water,Psychic,60,75,85,115
132,Mr. Mime,Psychic,Fairy,40,45,65,90
133,Scyther,Bug,Flying,70,110,80,105
134,Jynx,Ice,Psychic,65,50,35,95
138,PinsirMega Pinsir,Bug,Flying,65,155,120,105
141,Gyarados,Water,Flying,95,125,79,81
142,GyaradosMega Gyarados,Water,Dark,95,155,109,81
143,Lapras,Water,Ice,130,85,80,60
150,Omanyte,Rock,Water,35,40,100,35
151,Omastar,Rock,Water,70,60,125,55
152,Kabuto,Rock,Water,30,80,90,55
153,Kabutops,Rock,Water,60,115,105,80
154,Aerodactyl,Rock,Flying,80,105,65,130
155,AerodactylMega Aerodactyl,Rock,Flying,80,135,85,150
157,Articuno,Ice,Flying,90,85,100,85
158,Zapdos,Electric,Flying,90,90,85,100
159,Moltres,Fire,Flying,90,100,90,90
162,Dragonite,Dragon,Flying,91,134,95,80
164,MewtwoMega Mewtwo X,Psychic,Fighting,106,190,100,130
178,Hoothoot,Normal,Flying,60,30,30,50
179,Noctowl,Normal,Flying,100,50,50,70
180,Ledyba,Bug,Flying,40,20,30,55
181,Ledian,Bug,Flying,55,35,50,85
182,Spinarak,Bug,Poison,40,60,40,30
183,Ariados,Bug,Poison,70,90,70,40
184,Crobat,Poison,Flying,85,90,80,130
185,Chinchou,Water,Electric,75,38,38,67
186,Lanturn,Water,Electric,125,58,58,67
189,Igglybuff,Normal,Fairy,90,30,15,15
191,Togetic,Fairy,Flying,55,40,85,40
192,Natu,Psychic,Flying,40,50,45,70
193,Xatu,Psychic,Flying,65,75,70,95
197,AmpharosMega Ampharos,Electric,Dragon,90,95,105,45
199,Marill,Water,Fairy,70,20,50,40
200,Azumarill,Water,Fairy,100,50,80,50
203,Hoppip,Grass,Flying,35,35,40,50
204,Skiploom,Grass,Flying,55,45,50,80
205,Jumpluff,Grass,Flying,75,55,70,110
209,Yanma,Bug,Flying,65,65,45,95
210,Wooper,Water,Ground,55,45,45,15
211,Quagsire,Water,Ground,95,85,85,35
214,Murkrow,Dark,Flying,60,85,42,91
215,Slowking,Water,Psychic,95,75,80,30
219,Girafarig,Normal,Psychic,70,80,65,85
221,Forretress,Bug,Steel,75,90,140,40
223,Gligar,Ground,Flying,65,75,105,85
224,Steelix,Steel,Ground,75,85,200,30
225,SteelixMega Steelix,Steel,Ground,75,125,230,30
228,Qwilfish,Water,Poison,65,95,75,85
229,Scizor,Bug,Steel,70,130,100,65
230,ScizorMega Scizor,Bug,Steel,70,150,140,75
231,Shuckle,Bug,Rock,20,10,230,5
232,Heracross,Bug,Fighting,80,125,75,85
233,HeracrossMega Heracross,Bug,Fighting,80,185,115,75
234,Sneasel,Dark,Ice,55,95,55,115
238,Magcargo,Fire,Rock,50,50,120,30
239,Swinub,Ice,Ground,50,50,40,50
240,Piloswine,Ice,Ground,100,100,80,50
241,Corsola,Water,Rock,55,55,85,35
244,Delibird,Ice,Flying,45,55,45,75
245,Mantine,Water,Flying,65,40,70,70
246,Skarmory,Steel,Flying,65,80,140,70
247,Houndour,Dark,Fire,45,60,30,65
248,Houndoom,Dark,Fire,75,90,50,95
249,HoundoomMega Houndoom,Dark,Fire,75,90,90,115
250,Kingdra,Water,Dragon,75,95,95,85
258,Smoochum,Ice,Psychic,45,30,15,65
266,Larvitar,Rock,Ground,50,64,50,41
267,Pupitar,Rock,Ground,70,84,70,51
268,Tyranitar,Rock,Dark,100,134,110,61
269,TyranitarMega Tyranitar,Rock,Dark,100,164,150,71
270,Lugia,Psychic,Flying,106,90,130,110
271,Ho-oh,Fire,Flying,106,130,90,90
272,Celebi,Psychic,Grass,100,100,100,100
276,SceptileMega Sceptile,Grass,Dragon,70,110,75,145
278,Combusken,Fire,Fighting,60,85,60,55
279,Blaziken,Fire,Fighting,80,120,70,80
280,BlazikenMega Blaziken,Fire,Fighting,80,160,80,100
282,Marshtomp,Water,Ground,70,85,70,50
283,Swampert,Water,Ground,100,110,90,60
284,SwampertMega Swampert,Water,Ground,100,150,110,70
291,Beautifly,Bug,Flying,60,70,50,65
293,Dustox,Bug,Poison,60,50,70,65
294,Lotad,Water,Grass,40,30,30,30
295,Lombre,Water,Grass,60,50,50,50
296,Ludicolo,Water,Grass,80,70,70,70
298,Nuzleaf,Grass,Dark,70,70,40,60
299,Shiftry,Grass,Dark,90,100,60,80
300,Taillow,Normal,Flying,40,55,30,85
301,Swellow,Normal,Flying,60,85,60,125
302,Wingull,Water,Flying,40,30,30,85
303,Pelipper,Water,Flying,60,50,100,65
304,Ralts,Psychic,Fairy,28,25,25,40
305,Kirlia,Psychic,Fairy,38,35,35,50
306,Gardevoir,Psychic,Fairy,68,65,65,80
307,GardevoirMega Gardevoir,Psychic,Fairy,68,85,65,100
308,Surskit,Bug,Water,40,30,32,65
309,Masquerain,Bug,Flying,70,60,62,60
311,Breloom,Grass,Fighting,60,130,80,70
315,Nincada,Bug,Ground,31,45,90,40
316,Ninjask,Bug,Flying,61,90,45,160
317,Shedinja,Bug,Ghost,1,90,45,40
323,Azurill,Normal,Fairy,50,20,40,20
327,Sableye,Dark,Ghost,50,75,75,50
328,SableyeMega Sableye,Dark,Ghost,50,85,125,20
329,Mawile,Steel,Fairy,50,85,85,50
330,MawileMega Mawile,Steel,Fairy,50,105,125,50
331,Aron,Steel,Rock,50,70,100,30
332,Lairon,Steel,Rock,60,90,140,40
333,Aggron,Steel,Rock,70,110,180,50
335,Meditite,Fighting,Psychic,30,40,55,60
336,Medicham,Fighting,Psychic,60,60,75,80
337,MedichamMega Medicham,Fighting,Psychic,60,100,85,100
345,Roselia,Grass,Poison,50,60,45,65
348,Carvanha,Water,Dark,45,90,20,65
349,Sharpedo,Water,Dark,70,120,40,95
350,SharpedoMega Sharpedo,Water,Dark,70,140,70,105
353,Numel,Fire,Ground,60,60,40,35
354,Camerupt,Fire,Ground,70,100,70,40
355,CameruptMega Camerupt,Fire,Ground,70,120,100,20
361,Vibrava,Ground,Dragon,50,70,50,70
362,Flygon,Ground,Dragon,80,100,80,100
364,Cacturne,Grass,Dark,70,115,60,55
365,Swablu,Normal,Flying,45,40,60,50
366,Altaria,Dragon,Flying,75,70,90,80
367,AltariaMega Altaria,Dragon,Fairy,75,110,110,80
370,Lunatone,Rock,Psychic,70,55,65,70
371,Solrock,Rock,Psychic,70,95,85,70
372,Barboach,Water,Ground,50,48,43,60
373,Whiscash,Water,Ground,110,78,73,60
375,Crawdaunt,Water,Dark,63,120,85,55
376,Baltoy,Ground,Psychic,40,40,55,55
377,Claydol,Ground,Psychic,60,70,105,75
378,Lileep,Rock,Grass,66,41,77,23
379,Cradily,Rock,Grass,86,81,97,43
380,Anorith,Rock,Bug,45,95,50,75
381,Armaldo,Rock,Bug,75,125,100,45
391,Tropius,Grass,Flying,99,68,83,51
399,Spheal,Ice,Water,70,40,50,25
400,Sealeo,Ice,Water,90,60,70,45
401,Walrein,Ice,Water,110,80,90,65
405,Relicanth,Water,Rock,100,90,130,55
409,Salamence,Dragon,Flying,95,135,80,100
410,SalamenceMega Salamence,Dragon,Flying,95,145,130,120
411,Beldum,Steel,Psychic,40,55,80,30
412,Metang,Steel,Psychic,60,75,100,50
413,Metagross,Steel,Psychic,80,135,130,70
414,MetagrossMega Metagross,Steel,Psychic,80,145,150,110
418,Latias,Dragon,Psychic,80,80,90,110
419,LatiasMega Latias,Dragon,Psychic,80,100,120,110
420,Latios,Dragon,Psychic,80,90,80,110
421,LatiosMega Latios,Dragon,Psychic,80,130,100,110
425,GroudonPrimal Groudon,Ground,Fire,100,180,160,90
426,Rayquaza,Dragon,Flying,105,150,90,95
427,RayquazaMega Rayquaza,Dragon,Flying,105,180,100,115
428,Jirachi,Steel,Psychic,100,100,100,100
435,Torterra,Grass,Ground,95,109,105,56
437,Monferno,Fire,Fighting,64,78,52,81
438,Infernape,Fire,Fighting,76,104,71,108
441,Empoleon,Water,Steel,84,86,88,60
442,Starly,Normal,Flying,40,55,30,60
443,Staravia,Normal,Flying,55,75,50,80
444,Staraptor,Normal,Flying,85,120,70,100
446,Bibarel,Normal,Water,79,85,60,71
452,Budew,Grass,Poison,40,30,35,55
453,Roserade,Grass,Poison,60,70,65,90
456,Shieldon,Rock,Steel,30,42,118,30
457,Bastiodon,Rock,Steel,60,52,168,30
459,WormadamPlant Cloak,Bug,Grass,60,59,85,36
460,WormadamSandy Cloak,Bug,Ground,60,79,105,36
461,WormadamTrash Cloak,Bug,Steel,60,69,95,36
462,Mothim,Bug,Flying,70,94,50,66
463,Combee,Bug,Flying,30,30,42,70
464,Vespiquen,Bug,Flying,70,80,102,40
471,Gastrodon,Water,Ground,111,83,68,39
473,Drifloon,Ghost,Flying,90,50,34,70
474,Drifblim,Ghost,Flying,150,80,44,80
477,LopunnyMega Lopunny,Normal,Fighting,65,136,94,135
479,Honchkrow,Dark,Flying,100,125,52,71
483,Stunky,Poison,Dark,63,63,47,74
484,Skuntank,Poison,Dark,103,93,67,84
485,Bronzor,Steel,Psychic,57,24,86,23
486,Bronzong,Steel,Psychic,67,89,116,33
488,Mime Jr.,Psychic,Fairy,20,25,45,60
490,Chatot,Normal,Flying,76,65,45,91
491,Spiritomb,Ghost,Dark,50,92,108,35
492,Gible,Dragon,Ground,58,70,45,42
493,Gabite,Dragon,Ground,68,90,65,82
494,Garchomp,Dragon,Ground,108,130,95,102
495,GarchompMega Garchomp,Dragon,Ground,108,170,115,92
498,Lucario,Fighting,Steel,70,110,70,90
499,LucarioMega Lucario,Fighting,Steel,70,145,88,112
502,Skorupi,Poison,Bug,40,50,90,65
503,Drapion,Poison,Dark,70,90,110,95
504,Croagunk,Poison,Fighting,48,61,40,50
505,Toxicroak,Poison,Fighting,83,106,65,85
509,Mantyke,Water,Flying,45,20,50,50
510,Snover,Grass,Ice,60,62,50,40
511,Abomasnow,Grass,Ice,90,92,75,60
512,AbomasnowMega Abomasnow,Grass,Ice,90,132,105,30
513,Weavile,Dark,Ice,70,120,65,125
514,Magnezone,Electric,Steel,70,70,115,60
516,Rhyperior,Ground,Rock,115,140,130,40
520,Togekiss,Fairy,Flying,85,50,95,80
521,Yanmega,Bug,Flying,86,76,86,95
524,Gliscor,Ground,Flying,75,95,125,95
525,Mamoswine,Ice,Ground,110,130,80,80
527,Gallade,Psychic,Fighting,68,125,65,80
528,GalladeMega Gallade,Psychic,Fighting,68,165,95,110
529,Probopass,Rock,Steel,60,55,145,40
531,Froslass,Ice,Ghost,70,80,70,110
532,Rotom,Electric,Ghost,50,50,77,91
533,RotomHeat Rotom,Electric,Fire,50,65,107,86
534,RotomWash Rotom,Electric,Water,50,65,107,86
535,RotomFrost Rotom,Electric,Ice,50,65,107,86
536,RotomFan Rotom,Electric,Flying,50,65,107,86
537,RotomMow Rotom,Electric,Grass,50,65,107,86
541,Dialga,Steel,Dragon,100,120,120,90
542,Palkia,Water,Dragon,90,120,100,100
543,Heatran,Fire,Steel,91,90,106,77
545,GiratinaAltered Forme,Ghost,Dragon,150,100,120,90
546,GiratinaOrigin Forme,Ghost,Dragon,150,120,100,90
552,ShayminSky Forme,Grass,Flying,100,103,75,127
554,Victini,Psychic,Fire,100,100,100,100
559,Pignite,Fire,Fighting,90,93,55,55
560,Emboar,Fire,Fighting,110,123,65,65
579,Pidove,Normal,Flying,50,55,50,43
580,Tranquill,Normal,Flying,62,77,62,65
581,Unfezant,Normal,Flying,80,115,80,93
587,Woobat,Psychic,Flying,55,45,43,72
588,Swoobat,Psychic,Flying,67,57,55,114
590,Excadrill,Ground,Steel,110,135,60,88
592,AudinoMega Audino,Normal,Fairy,103,60,126,50
597,Palpitoad,Water,Ground,75,65,55,69
598,Seismitoad,Water,Ground,105,95,75,74
601,Sewaddle,Bug,Grass,45,53,70,42
602,Swadloon,Bug,Grass,55,63,90,42
603,Leavanny,Bug,Grass,75,103,80,92
604,Venipede,Bug,Poison,30,45,59,57
605,Whirlipede,Bug,Poison,40,55,99,47
606,Scolipede,Bug,Poison,60,100,89,112
607,Cottonee,Grass,Fairy,40,27,60,66
608,Whimsicott,Grass,Fairy,60,67,85,116
612,Sandile,Ground,Dark,50,72,35,65
613,Krokorok,Ground,Dark,60,82,45,74
614,Krookodile,Ground,Dark,95,117,80,92
617,DarmanitanZen Mode,Fire,Psychic,105,30,105,55
619,Dwebble,Bug,Rock,50,65,85,55
620,Crustle,Bug,Rock,70,95,125,45
621,Scraggy,Dark,Fighting,50,75,70,48
622,Scrafty,Dark,Fighting,65,90,115,58
623,Sigilyph,Psychic,Flying,72,58,80,97
626,Tirtouga,Water,Rock,54,78,103,22
627,Carracosta,Water,Rock,74,108,133,32
628,Archen,Rock,Flying,55,112,45,70
629,Archeops,Rock,Flying,75,140,65,110
642,Ducklett,Water,Flying,62,44,50,55
643,Swanna,Water,Flying,75,87,63,98
647,Deerling,Normal,Grass,60,60,50,75
648,Sawsbuck,Normal,Grass,80,100,70,95
649,Emolga,Electric,Flying,55,75,60,103
651,Escavalier,Bug,Steel,70,135,105,20
652,Foongus,Grass,Poison,69,55,45,15
653,Amoonguss,Grass,Poison,114,85,70,30
654,Frillish,Water,Ghost,55,40,50,40
655,Jellicent,Water,Ghost,100,60,70,60
657,Joltik,Bug,Electric,50,47,50,65
658,Galvantula,Bug,Electric,70,77,60,108
659,Ferroseed,Grass,Steel,44,50,91,10
660,Ferrothorn,Grass,Steel,74,94,131,20
669,Litwick,Ghost,Fire,50,30,55,20
670,Lampent,Ghost,Fire,60,40,60,55
671,Chandelure,Ghost,Fire,60,55,90,80
680,Stunfisk,Ground,Electric,109,66,84,32
684,Golett,Ground,Ghost,59,74,50,35
685,Golurk,Ground,Ghost,89,124,80,55
686,Pawniard,Dark,Steel,45,85,70,60
687,Bisharp,Dark,Steel,65,125,100,70
689,Rufflet,Normal,Flying,70,83,50,60
690,Braviary,Normal,Flying,100,123,75,80
691,Vullaby,Dark,Flying,70,55,75,60
692,Mandibuzz,Dark,Flying,110,65,105,80
694,Durant,Bug,Steel,58,109,112,109
695,Deino,Dark,Dragon,52,65,50,38
696,Zweilous,Dark,Dragon,72,85,70,58
697,Hydreigon,Dark,Dragon,92,105,90,98
698,Larvesta,Bug,Fire,55,85,55,60
699,Volcarona,Bug,Fire,85,60,65,100
700,Cobalion,Steel,Fighting,91,90,129,108
701,Terrakion,Rock,Fighting,91,129,90,108
702,Virizion,Grass,Fighting,91,90,72,108
705,ThundurusIncarnate Forme,Electric,Flying,79,115,70,111
706,ThundurusTherian Forme,Electric,Flying,79,105,70,101
707,Reshiram,Dragon,Fire,100,120,100,90
708,Zekrom,Dragon,Electric,100,150,120,90
709,LandorusIncarnate Forme,Ground,Flying,89,125,90,101
710,LandorusTherian Forme,Ground,Flying,89,145,90,91
711,Kyurem,Dragon,Ice,125,130,90,95
712,KyuremBlack Kyurem,Dragon,Ice,125,170,100,95
713,KyuremWhite Kyurem,Dragon,Ice,125,120,90,95
714,KeldeoOrdinary Forme,Water,Fighting,91,72,90,108
715,KeldeoResolute Forme,Water,Fighting,91,72,90,108
716,MeloettaAria Forme,Normal,Psychic,100,77,77,90
717,MeloettaPirouette Forme,Normal,Fighting,100,128,90,128
718,Genesect,Bug,Steel,71,120,95,99
721,Chesnaught,Grass,Fighting,88,107,122,64
724,Delphox,Fire,Psychic,75,69,72,104
727,Greninja,Water,Dark,72,95,67,122
729,Diggersby,Normal,Ground,85,56,77,78
730,Fletchling,Normal,Flying,45,50,43,62
731,Fletchinder,Fire,Flying,62,73,55,84
732,Talonflame,Fire,Flying,78,81,71,126
735,Vivillon,Bug,Flying,80,52,50,89
736,Litleo,Fire,Normal,62,50,58,72
737,Pyroar,Fire,Normal,86,68,72,106
744,Pangoro,Fighting,Dark,95,124,78,58
749,Honedge,Steel,Ghost,45,80,100,28
750,Doublade,Steel,Ghost,59,110,150,35
751,AegislashBlade Forme,Steel,Ghost,60,150,50,60
752,AegislashShield Forme,Steel,Ghost,60,50,150,60
757,Inkay,Dark,Psychic,53,54,53,45
758,Malamar,Dark,Psychic,86,92,88,73
759,Binacle,Rock,Water,42,52,67,50
760,Barbaracle,Rock,Water,72,105,115,68
761,Skrelp,Poison,Water,50,60,60,30
762,Dragalge,Poison,Dragon,65,75,90,44
765,Helioptile,Electric,Normal,44,38,33,70
766,Heliolisk,Electric,Normal,62,55,52,109
767,Tyrunt,Rock,Dragon,58,89,77,48
768,Tyrantrum,Rock,Dragon,82,121,119,71
769,Amaura,Rock,Ice,77,59,50,46
770,Aurorus,Rock,Ice,123,77,72,58
772,Hawlucha,Fighting,Flying,78,92,75,118
773,Dedenne,Electric,Fairy,67,58,57,101
774,Carbink,Rock,Fairy,50,50,150,50
778,Klefki,Steel,Fairy,57,80,91,75
779,Phantump,Ghost,Grass,43,70,48,38
780,Trevenant,Ghost,Grass,85,110,76,56
781,PumpkabooAverage Size,Ghost,Grass,49,66,70,51
782,PumpkabooSmall Size,Ghost,Grass,44,66,70,56
783,PumpkabooLarge Size,Ghost,Grass,54,66,70,46
784,PumpkabooSuper Size,Ghost,Grass,59,66,70,41
785,GourgeistAverage Size,Ghost,Grass,65,90,122,84
786,GourgeistSmall Size,Ghost,Grass,55,85,122,99
787,GourgeistLarge Size,Ghost,Grass,75,95,122,69
788,GourgeistSuper Size,Ghost,Grass,85,100,122,54
791,Noibat,Flying,Dragon,40,30,35,55
792,Noivern,Flying,Dragon,85,70,80,123
794,Yveltal,Dark,Flying,126,131,95,99
795,Zygarde50% Forme,Dragon,Ground,108,100,121,95
796,Diancie,Rock,Fairy,50,100,150,50
797,DiancieMega Diancie,Rock,Fairy,50,160,110,110
798,HoopaHoopa Confined,Psychic,Ghost,80,110,60,70
799,HoopaHoopa Unbound,Psychic,Dark,80,160,60,80
800,Volcanion,Fire,Water,80,110,120,70
5,Charmander,Fire,,39,52,43,65
6,Charmeleon,Fire,,58,64,58,80
10,Squirtle,Water,,44,48,65,43
11,Wartortle,Water,,59,63,80,58
12,Blastoise,Water,,79,83,100,78
13,BlastoiseMega Blastoise,Water,,79,103,120,78
14,Caterpie,Bug,,45,30,35,45
15,Metapod,Bug,,50,20,55,30
25,Rattata,Normal,,30,56,35,72
26,Raticate,Normal,,55,81,60,97
29,Ekans,Poison,,35,60,44,55
30,Arbok,Poison,,60,85,69,80
31,Pikachu,Electric,,35,55,40,90
32,Raichu,Electric,,60,90,55,110
33,Sandshrew,Ground,,50,75,85,40
34,Sandslash,Ground,,75,100,110,65
35,Nidoran♀,Poison,,55,47,52,41
36,Nidorina,Poison,,70,62,67,56
38,Nidoran♂,Poison,,46,57,40,50
39,Nidorino,Poison,,61,72,57,65
41,Clefairy,Fairy,,70,45,48,35
42,Clefable,Fairy,,95,70,73,60
43,Vulpix,Fire,,38,41,40,65
44,Ninetales,Fire,,73,76,75,100
56,Diglett,Ground,,10,55,25,95
57,Dugtrio,Ground,,35,80,50,120
58,Meowth,Normal,,40,45,35,90
59,Persian,Normal,,65,70,60,115
60,Psyduck,Water,,50,52,48,55
61,Golduck,Water,,80,82,78,85
62,Mankey,Fighting,,40,80,35,70
63,Primeape,Fighting,,65,105,60,95
64,Growlithe,Fire,,55,70,45,60
65,Arcanine,Fire,,90,110,80,95
66,Poliwag,Water,,40,50,40,90
67,Poliwhirl,Water,,65,65,65,90
69,Abra,Psychic,,25,20,15,90
70,Kadabra,Psychic,,40,35,30,105
71,Alakazam,Psychic,,55,50,45,120
72,AlakazamMega Alakazam,Psychic,,55,50,65,150
73,Machop,Fighting,,70,80,50,35
74,Machoke,Fighting,,80,100,70,45
75,Machamp,Fighting,,90,130,80,55
84,Ponyta,Fire,,50,85,55,90
85,Rapidash,Fire,,65,100,70,105
94,Seel,Water,,65,45,55,45
96,Grimer,Poison,,80,80,50,25
97,Muk,Poison,,105,105,75,50
98,Shellder,Water,,30,65,100,40
105,Drowzee,Psychic,,60,48,45,42
106,Hypno,Psychic,,85,73,70,67
107,Krabby,Water,,30,105,90,50
108,Kingler,Water,,55,130,115,75
109,Voltorb,Electric,,40,30,50,100
110,Electrode,Electric,,60,50,70,140
113,Cubone,Ground,,50,50,95,35
114,Marowak,Ground,,60,80,110,45
115,Hitmonlee,Fighting,,50,120,53,87
116,Hitmonchan,Fighting,,50,105,79,76
117,Lickitung,Normal,,90,55,75,30
118,Koffing,Poison,,40,65,95,35
119,Weezing,Poison,,65,90,120,60
122,Chansey,Normal,,250,5,5,50
123,Tangela,Grass,,65,55,115,60
124,Kangaskhan,Normal,,105,95,80,90
125,KangaskhanMega Kangaskhan,Normal,,105,125,100,100
126,Horsea,Water,,30,40,70,60
127,Seadra,Water,,55,65,95,85
128,Goldeen,Water,,45,67,60,63
129,Seaking,Water,,80,92,65,68
130,Staryu,Water,,30,45,55,85
135,Electabuzz,Electric,,65,83,57,105
136,Magmar,Fire,,65,95,57,93
137,Pinsir,Bug,,65,125,100,85
139,Tauros,Normal,,75,100,95,110
140,Magikarp,Water,,20,10,55,80
144,Ditto,Normal,,48,48,48,48
145,Eevee,Normal,,55,55,50,55
146,Vaporeon,Water,,130,65,60,65
147,Jolteon,Electric,,65,65,60,130
148,Flareon,Fire,,65,130,60,65
149,Porygon,Normal,,65,60,70,40
156,Snorlax,Normal,,160,110,65,30
160,Dratini,Dragon,,41,64,45,50
161,Dragonair,Dragon,,61,84,65,70
163,Mewtwo,Psychic,,106,110,90,130
165,MewtwoMega Mewtwo Y,Psychic,,106,150,70,140
166,Mew,Psychic,,100,100,100,100
167,Chikorita,Grass,,45,49,65,45
168,Bayleef,Grass,,60,62,80,60
169,Meganium,Grass,,80,82,100,80
170,Cyndaquil,Fire,,39,52,43,65
171,Quilava,Fire,,58,64,58,80
172,Typhlosion,Fire,,78,84,78,100
173,Totodile,Water,,50,65,64,43
174,Croconaw,Water,,65,80,80,58
175,Feraligatr,Water,,85,105,100,78
176,Sentret,Normal,,35,46,34,20
177,Furret,Normal,,85,76,64,90
187,Pichu,Electric,,20,40,15,60
188,Cleffa,Fairy,,50,25,28,15
190,Togepi,Fairy,,35,20,65,20
194,Mareep,Electric,,55,40,40,35
195,Flaaffy,Electric,,70,55,55,45
196,Ampharos,Electric,,90,75,85,55
198,Bellossom,Grass,,75,80,95,50
201,Sudowoodo,Rock,,70,100,115,30
202,Politoed,Water,,90,75,75,70
206,Aipom,Normal,,55,70,55,85
207,Sunkern,Grass,,30,30,30,30
208,Sunflora,Grass,,75,75,55,30
212,Espeon,Psychic,,65,65,60,110
213,Umbreon,Dark,,95,65,110,65
216,Misdreavus,Ghost,,60,60,60,85
217,Unown,Psychic,,48,72,48,48
218,Wobbuffet,Psychic,,190,33,58,33
220,Pineco,Bug,,50,65,90,15
222,Dunsparce,Normal,,100,70,70,45
226,Snubbull,Fairy,,60,80,50,30
227,Granbull,Fairy,,90,120,75,45
235,Teddiursa,Normal,,60,80,50,40
236,Ursaring,Normal,,90,130,75,55
237,Slugma,Fire,,40,40,40,20
242,Remoraid,Water,,35,65,35,65
243,Octillery,Water,,75,105,75,45
251,Phanpy,Ground,,90,60,60,40
252,Donphan,Ground,,90,120,120,50
253,Porygon2,Normal,,85,80,90,60
254,Stantler,Normal,,73,95,62,85
255,Smeargle,Normal,,55,20,35,75
256,Tyrogue,Fighting,,35,35,35,35
257,Hitmontop,Fighting,,50,95,95,70
259,Elekid,Electric,,45,63,37,95
260,Magby,Fire,,45,75,37,83
261,Miltank,Normal,,95,80,105,100
262,Blissey,Normal,,255,10,10,55
263,Raikou,Electric,,90,85,75,115
264,Entei,Fire,,115,115,85,100
265,Suicune,Water,,100,75,115,85
273,Treecko,Grass,,40,45,35,70
274,Grovyle,Grass,,50,65,45,95
275,Sceptile,Grass,,70,85,65,120
277,Torchic,Fire,,45,60,40,45
281,Mudkip,Water,,50,70,50,40
285,Poochyena,Dark,,35,55,35,35
286,Mightyena,Dark,,70,90,70,70
287,Zigzagoon,Normal,,38,30,41,60
288,Linoone,Normal,,78,70,61,100
289,Wurmple,Bug,,45,45,35,20
290,Silcoon,Bug,,50,35,55,15
292,Cascoon,Bug,,50,35,55,15
297,Seedot,Grass,,40,40,50,30
310,Shroomish,Grass,,60,40,60,35
312,Slakoth,Normal,,60,60,60,30
313,Vigoroth,Normal,,80,80,80,90
314,Slaking,Normal,,150,160,100,100
318,Whismur,Normal,,64,51,23,28
319,Loudred,Normal,,84,71,43,48
320,Exploud,Normal,,104,91,63,68
321,Makuhita,Fighting,,72,60,30,25
322,Hariyama,Fighting,,144,120,60,50
324,Nosepass,Rock,,30,45,135,30
325,Skitty,Normal,,50,45,45,50
326,Delcatty,Normal,,70,65,65,70
334,AggronMega Aggron,Steel,,70,140,230,50
338,Electrike,Electric,,40,45,40,65
339,Manectric,Electric,,70,75,60,105
340,ManectricMega Manectric,Electric,,70,75,80,135
341,Plusle,Electric,,60,50,40,95
342,Minun,Electric,,60,40,50,95
343,Volbeat,Bug,,65,73,55,85
344,Illumise,Bug,,65,47,55,85
346,Gulpin,Poison,,70,43,53,40
347,Swalot,Poison,,100,73,83,55
351,Wailmer,Water,,130,70,35,60
352,Wailord,Water,,170,90,45,60
356,Torkoal,Fire,,70,85,140,20
357,Spoink,Psychic,,60,25,35,60
358,Grumpig,Psychic,,80,45,65,80
359,Spinda,Normal,,60,60,60,60
360,Trapinch,Ground,,45,100,45,10
363,Cacnea,Grass,,50,85,40,35
368,Zangoose,Normal,,73,115,60,90
369,Seviper,Poison,,73,100,60,65
374,Corphish,Water,,43,80,65,35
382,Feebas,Water,,20,15,20,80
383,Milotic,Water,,95,60,79,81
384,Castform,Normal,,70,70,70,70
385,Kecleon,Normal,,60,90,70,40
386,Shuppet,Ghost,,44,75,35,45
387,Banette,Ghost,,64,115,65,65
388,BanetteMega Banette,Ghost,,64,165,75,75
389,Duskull,Ghost,,20,40,90,25
390,Dusclops,Ghost,,40,70,130,25
392,Chimecho,Psychic,,65,50,70,65
393,Absol,Dark,,65,130,60,75
394,AbsolMega Absol,Dark,,65,150,60,115
395,Wynaut,Psychic,,95,23,48,23
396,Snorunt,Ice,,50,50,50,50
397,Glalie,Ice,,80,80,80,80
398,GlalieMega Glalie,Ice,,80,120,80,100
402,Clamperl,Water,,35,64,85,32
403,Huntail,Water,,55,104,105,52
404,Gorebyss,Water,,55,84,105,52
406,Luvdisc,Water,,43,30,55,97
407,Bagon,Dragon,,45,75,60,50
408,Shelgon,Dragon,,65,95,100,50
415,Regirock,Rock,,80,100,200,50
416,Regice,Ice,,80,50,100,50
417,Registeel,Steel,,80,75,150,50
422,Kyogre,Water,,100,100,90,90
423,KyogrePrimal Kyogre,Water,,100,150,90,90
424,Groudon,Ground,,100,150,140,90
429,DeoxysNormal Forme,Psychic,,50,150,50,150
430,DeoxysAttack Forme,Psychic,,50,180,20,150
431,DeoxysDefense Forme,Psychic,,50,70,160,90
432,DeoxysSpeed Forme,Psychic,,50,95,90,180
433,Turtwig,Grass,,55,68,64,31
434,Grotle,Grass,,75,89,85,36
436,Chimchar,Fire,,44,58,44,61
439,Piplup,Water,,53,51,53,40
440,Prinplup,Water,,64,66,68,50
445,Bidoof,Normal,,59,45,40,31
447,Kricketot,Bug,,37,25,41,25
448,Kricketune,Bug,,77,85,51,65
449,Shinx,Electric,,45,65,34,45
450,Luxio,Electric,,60,85,49,60
451,Luxray,Electric,,80,120,79,70
454,Cranidos,Rock,,67,125,40,58
455,Rampardos,Rock,,97,165,60,58
458,Burmy,Bug,,40,29,45,36
465,Pachirisu,Electric,,60,45,70,95
466,Buizel,Water,,55,65,35,85
467,Floatzel,Water,,85,105,55,115
468,Cherubi,Grass,,45,35,45,35
469,Cherrim,Grass,,70,60,70,85
470,Shellos,Water,,76,48,48,34
472,Ambipom,Normal,,75,100,66,115
475,Buneary,Normal,,55,66,44,85
476,Lopunny,Normal,,65,76,84,105
478,Mismagius,Ghost,,60,60,60,105
480,Glameow,Normal,,49,55,42,85
481,Purugly,Normal,,71,82,64,112
482,Chingling,Psychic,,45,30,50,45
487,Bonsly,Rock,,50,80,95,10
489,Happiny,Normal,,100,5,5,30
496,Munchlax,Normal,,135,85,40,5
497,Riolu,Fighting,,40,70,40,60
500,Hippopotas,Ground,,68,72,78,32
501,Hippowdon,Ground,,108,112,118,47
506,Carnivine,Grass,,74,100,72,46
507,Finneon,Water,,49,49,56,66
508,Lumineon,Water,,69,69,76,91
515,Lickilicky,Normal,,110,85,95,50
517,Tangrowth,Grass,,100,100,125,50
518,Electivire,Electric,,75,123,67,95
519,Magmortar,Fire,,75,95,67,83
522,Leafeon,Grass,,65,110,130,95
523,Glaceon,Ice,,65,60,110,65
526,Porygon-Z,Normal,,85,80,70,90
530,Dusknoir,Ghost,,45,100,135,45
538,Uxie,Psychic,,75,75,130,95
539,Mesprit,Psychic,,80,105,105,80
540,Azelf,Psychic,,75,125,70,115
544,Regigigas,Normal,,110,160,110,100
547,Cresselia,Psychic,,120,70,120,85
548,Phione,Water,,80,80,80,80
549,Manaphy,Water,,100,100,100,100
550,Darkrai,Dark,,70,90,90,125
551,ShayminLand Forme,Grass,,100,100,100,100
553,Arceus,Normal,,120,120,120,120
555,Snivy,Grass,,45,45,55,63
556,Servine,Grass,,60,60,75,83
557,Serperior,Grass,,75,75,95,113
558,Tepig,Fire,,65,63,45,45
561,Oshawott,Water,,55,55,45,45
562,Dewott,Water,,75,75,60,60
563,Samurott,Water,,95,100,85,70
564,Patrat,Normal,,45,55,39,42
565,Watchog,Normal,,60,85,69,77
566,Lillipup,Normal,,45,60,45,55
567,Herdier,Normal,,65,80,65,60
568,Stoutland,Normal,,85,110,90,80
569,Purrloin,Dark,,41,50,37,66
570,Liepard,Dark,,64,88,50,106
571,Pansage,Grass,,50,53,48,64
572,Simisage,Grass,,75,98,63,101
573,Pansear,Fire,,50,53,48,64
574,Simisear,Fire,,75,98,63,101
575,Panpour,Water,,50,53,48,64
576,Simipour,Water,,75,98,63,101
577,Munna,Psychic,,76,25,45,24
578,Musharna,Psychic,,116,55,85,29
582,Blitzle,Electric,,45,60,32,76
583,Zebstrika,Electric,,75,100,63,116
584,Roggenrola,Rock,,55,75,85,15
585,Boldore,Rock,,70,105,105,20
586,Gigalith,Rock,,85,135,130,25
589,Drilbur,Ground,,60,85,40,68
591,Audino,Normal,,103,60,86,50
593,Timburr,Fighting,,75,80,55,35
594,Gurdurr,Fighting,,85,105,85,40
595,Conkeldurr,Fighting,,105,140,95,45
596,Tympole,Water,,50,50,40,64
599,Throh,Fighting,,120,100,85,45
600,Sawk,Fighting,,75,125,75,85
609,Petilil,Grass,,45,35,50,30
610,Lilligant,Grass,,70,60,75,90
611,Basculin,Water,,70,92,65,98
615,Darumaka,Fire,,70,90,45,50
616,DarmanitanStandard Mode,Fire,,105,140,55,95
618,Maractus,Grass,,75,86,67,60
624,Yamask,Ghost,,38,30,85,30
625,Cofagrigus,Ghost,,58,50,145,30
630,Trubbish,Poison,,50,50,62,65
631,Garbodor,Poison,,80,95,82,75
632,Zorua,Dark,,40,65,40,65
633,Zoroark,Dark,,60,105,60,105
634,Minccino,Normal,,55,50,40,75
635,Cinccino,Normal,,75,95,60,115
636,Gothita,Psychic,,45,30,50,45
637,Gothorita,Psychic,,60,45,70,55
638,Gothitelle,Psychic,,70,55,95,65
639,Solosis,Psychic,,45,30,40,20
640,Duosion,Psychic,,65,40,50,30
641,Reuniclus,Psychic,,110,65,75,30
644,Vanillite,Ice,,36,50,50,44
645,Vanillish,Ice,,51,65,65,59
646,Vanilluxe,Ice,,71,95,85,79
650,Karrablast,Bug,,50,75,45,60
656,Alomomola,Water,,165,75,80,65
661,Klink,Steel,,40,55,70,30
662,Klang,Steel,,60,80,95,50
663,Klinklang,Steel,,60,100,115,90
664,Tynamo,Electric,,35,55,40,60
665,Eelektrik,Electric,,65,85,70,40
666,Eelektross,Electric,,85,115,80,50
667,Elgyem,Psychic,,55,55,55,30
668,Beheeyem,Psychic,,75,75,75,40
672,Axew,Dragon,,46,87,60,57
673,Fraxure,Dragon,,66,117,70,67
674,Haxorus,Dragon,,76,147,90,97
675,Cubchoo,Ice,,55,70,40,40
676,Beartic,Ice,,95,110,80,50
677,Cryogonal,Ice,,70,50,30,105
678,Shelmet,Bug,,50,40,85,25
679,Accelgor,Bug,,80,70,40,145
681,Mienfoo,Fighting,,45,85,50,65
682,Mienshao,Fighting,,65,125,60,105
683,Druddigon,Dragon,,77,120,90,48
688,Bouffalant,Normal,,95,110,95,55
693,Heatmor,Fire,,85,97,66,65
703,TornadusIncarnate Forme,Flying,,79,115,70,111
704,TornadusTherian Forme,Flying,,79,100,80,121
719,Chespin,Grass,,56,61,65,38
720,Quilladin,Grass,,61,78,95,57
722,Fennekin,Fire,,40,45,40,60
723,Braixen,Fire,,59,59,58,73
725,Froakie,Water,,41,56,40,71
726,Frogadier,Water,,54,63,52,97
728,Bunnelby,Normal,,38,36,38,57
733,Scatterbug,Bug,,38,35,40,35
734,Spewpa,Bug,,45,22,60,29
738,Flabébé,Fairy,,44,38,39,42
739,Floette,Fairy,,54,45,47,52
740,Florges,Fairy,,78,65,68,75
741,Skiddo,Grass,,66,65,48,52
742,Gogoat,Grass,,123,100,62,68
743,Pancham,Fighting,,67,82,62,43
745,Furfrou,Normal,,75,80,60,102
746,Espurr,Psychic,,62,48,54,68
747,MeowsticMale,Psychic,,74,48,76,104
748,MeowsticFemale,Psychic,,74,48,76,104
753,Spritzee,Fairy,,78,52,60,23
754,Aromatisse,Fairy,,101,72,72,29
755,Swirlix,Fairy,,62,48,66,49
756,Slurpuff,Fairy,,82,80,86,72
763,Clauncher,Water,,50,53,62,44
764,Clawitzer,Water,,71,73,88,59
771,Sylveon,Fairy,,95,65,65,60
775,Goomy,Dragon,,45,50,35,40
776,Sliggoo,Dragon,,68,75,53,60
777,Goodra,Dragon,,90,100,70,80
789,Bergmite,Ice,,55,69,85,28
790,Avalugg,Ice,,95,117,184,28
793,Xerneas,Fairy,,126,131,95,99
